,page,threads
0,1,"[{'no': 5942502, 'last_modified': 1535581067, 'replies': 1}, {'no': 12673547, 'last_modified': 1613017492, 'replies': 290}, {'no': 12692346, 'last_modified': 1613017452, 'replies': 3}, {'no': 12681426, 'last_modified': 1613017432, 'replies': 92}, {'no': 12692376, 'last_modified': 1613017411, 'replies': 2}, {'no': 12692272, 'last_modified': 1613017400, 'replies': 13}, {'no': 12691866, 'last_modified': 1613017396, 'replies': 13}, {'no': 12692311, 'last_modified': 1613017385, 'replies': 10}, {'no': 12691916, 'last_modified': 1613017381, 'replies': 9}, {'no': 12688914, 'last_modified': 1613017326, 'replies': 80}, {'no': 12692305, 'last_modified': 1613017302, 'replies': 4}, {'no': 12692234, 'last_modified': 1613017241, 'replies': 3}, {'no': 12677060, 'last_modified': 1613017182, 'replies': 237}, {'no': 12691321, 'last_modified': 1613017073, 'replies': 208}, {'no': 12690585, 'last_modified': 1613017009, 'replies': 23}]"
1,2,"[{'no': 12687850, 'last_modified': 1613016999, 'replies': 37}, {'no': 12692288, 'last_modified': 1613016977, 'replies': 3}, {'no': 12692367, 'last_modified': 1613016981, 'replies': 1}, {'no': 12691776, 'last_modified': 1613016932, 'replies': 13}, {'no': 12691390, 'last_modified': 1613016807, 'replies': 10}, {'no': 12678032, 'last_modified': 1613016690, 'replies': 290}, {'no': 12692078, 'last_modified': 1613016642, 'replies': 14}, {'no': 12686485, 'last_modified': 1613016530, 'replies': 146}, {'no': 12674904, 'last_modified': 1613016490, 'replies': 83}, {'no': 12692256, 'last_modified': 1613016277, 'replies': 2}, {'no': 12692321, 'last_modified': 1613016175, 'replies': 1}, {'no': 12691287, 'last_modified': 1613016049, 'replies': 2}, {'no': 12691795, 'last_modified': 1613016042, 'replies': 4}, {'no': 12691945, 'last_modified': 1613015951, 'replies': 6}, {'no': 12692199, 'last_modified': 1613015855, 'replies': 6}]"
2,3,"[{'no': 12691651, 'last_modified': 1613015843, 'replies': 13}, {'no': 12690740, 'last_modified': 1613015749, 'replies': 17}, {'no': 12691455, 'last_modified': 1613015699, 'replies': 12}, {'no': 12692273, 'last_modified': 1613015639, 'replies': 5}, {'no': 12689119, 'last_modified': 1613015411, 'replies': 62}, {'no': 12683087, 'last_modified': 1613015350, 'replies': 28}, {'no': 12692283, 'last_modified': 1613015290, 'replies': 4}, {'no': 12692100, 'last_modified': 1613015130, 'replies': 4}, {'no': 12690028, 'last_modified': 1613015025, 'replies': 11}, {'no': 12692198, 'last_modified': 1613014996, 'replies': 6}, {'no': 12690334, 'last_modified': 1613014854, 'replies': 38}, {'no': 12688794, 'last_modified': 1613014842, 'replies': 23}, {'no': 12692115, 'last_modified': 1613014686, 'replies': 4}, {'no': 12690399, 'last_modified': 1613014668, 'replies': 7}, {'no': 12692077, 'last_modified': 1613014623, 'replies': 6}]"
3,4,"[{'no': 12692018, 'last_modified': 1613014130, 'replies': 8}, {'no': 12692170, 'last_modified': 1613014682, 'replies': 5}, {'no': 12689958, 'last_modified': 1613013591, 'replies': 9}, {'no': 12692026, 'last_modified': 1613013571, 'replies': 7}, {'no': 12688084, 'last_modified': 1613013561, 'replies': 14}, {'no': 12689400, 'last_modified': 1613013315, 'replies': 4}, {'no': 12691566, 'last_modified': 1613013159, 'replies': 8}, {'no': 12688044, 'last_modified': 1613013005, 'replies': 15}, {'no': 12692148, 'last_modified': 1613012986, 'replies': 2}, {'no': 12692161, 'last_modified': 1613012912, 'replies': 2}, {'no': 12688241, 'last_modified': 1613012685, 'replies': 61}, {'no': 12684352, 'last_modified': 1613012289, 'replies': 58}, {'no': 12692052, 'last_modified': 1613012132, 'replies': 20}, {'no': 12674127, 'last_modified': 1613012013, 'replies': 201}, {'no': 12690942, 'last_modified': 1613011927, 'replies': 11}]"
4,5,"[{'no': 12692112, 'last_modified': 1613011860, 'replies': 1}, {'no': 12691983, 'last_modified': 1613011585, 'replies': 7}, {'no': 12691486, 'last_modified': 1613011277, 'replies': 8}, {'no': 12681851, 'last_modified': 1613011012, 'replies': 57}, {'no': 12690496, 'last_modified': 1613010659, 'replies': 17}, {'no': 12691583, 'last_modified': 1613010521, 'replies': 26}, {'no': 12690030, 'last_modified': 1613009112, 'replies': 38}, {'no': 12692004, 'last_modified': 1613013946, 'replies': 2}, {'no': 12690980, 'last_modified': 1613008844, 'replies': 14}, {'no': 12685835, 'last_modified': 1613008637, 'replies': 29}, {'no': 12681387, 'last_modified': 1613008519, 'replies': 251}, {'no': 12691982, 'last_modified': 1613008074, 'replies': 0}, {'no': 12691558, 'last_modified': 1613008043, 'replies': 8}, {'no': 12681477, 'last_modified': 1613007925, 'replies': 22}, {'no': 12691972, 'last_modified': 1613007858, 'replies': 0}]"
5,6,"[{'no': 12691640, 'last_modified': 1613007820, 'replies': 9}, {'no': 12690277, 'last_modified': 1613007815, 'replies': 10}, {'no': 12691964, 'last_modified': 1613007692, 'replies': 0}, {'no': 12691567, 'last_modified': 1613007613, 'replies': 4}, {'no': 12688615, 'last_modified': 1613007478, 'replies': 21}, {'no': 12686575, 'last_modified': 1613007337, 'replies': 33}, {'no': 12691788, 'last_modified': 1613006889, 'replies': 4}, {'no': 12691872, 'last_modified': 1613006986, 'replies': 3}, {'no': 12676270, 'last_modified': 1613006585, 'replies': 132}, {'no': 12690257, 'last_modified': 1613006455, 'replies': 37}, {'no': 12688000, 'last_modified': 1613006306, 'replies': 12}, {'no': 12688814, 'last_modified': 1613006302, 'replies': 29}, {'no': 12691848, 'last_modified': 1613006068, 'replies': 2}, {'no': 12691860, 'last_modified': 1613005915, 'replies': 0}, {'no': 12689900, 'last_modified': 1613005689, 'replies': 15}]"
6,7,"[{'no': 12691844, 'last_modified': 1613005630, 'replies': 0}, {'no': 12680024, 'last_modified': 1613005557, 'replies': 85}, {'no': 12691384, 'last_modified': 1613005233, 'replies': 11}, {'no': 12691810, 'last_modified': 1613004880, 'replies': 0}, {'no': 12690024, 'last_modified': 1613004352, 'replies': 3}, {'no': 12690139, 'last_modified': 1613004015, 'replies': 2}, {'no': 12687142, 'last_modified': 1613003868, 'replies': 21}, {'no': 12685820, 'last_modified': 1613003663, 'replies': 16}, {'no': 12689150, 'last_modified': 1613003571, 'replies': 10}, {'no': 12687847, 'last_modified': 1613003509, 'replies': 18}, {'no': 12668218, 'last_modified': 1613014098, 'replies': 334}, {'no': 12690053, 'last_modified': 1613003212, 'replies': 8}, {'no': 12678888, 'last_modified': 1613002768, 'replies': 45}, {'no': 12689976, 'last_modified': 1613002466, 'replies': 7}, {'no': 12690174, 'last_modified': 1613002227, 'replies': 14}]"
7,8,"[{'no': 12690829, 'last_modified': 1613002170, 'replies': 8}, {'no': 12691433, 'last_modified': 1613001844, 'replies': 5}, {'no': 12688080, 'last_modified': 1613001311, 'replies': 16}, {'no': 12685654, 'last_modified': 1613001167, 'replies': 31}, {'no': 12691288, 'last_modified': 1613000952, 'replies': 6}, {'no': 12691210, 'last_modified': 1613000490, 'replies': 11}, {'no': 12691551, 'last_modified': 1613000431, 'replies': 1}, {'no': 12691556, 'last_modified': 1613000218, 'replies': 0}, {'no': 12684378, 'last_modified': 1613000213, 'replies': 63}, {'no': 12690047, 'last_modified': 1613000212, 'replies': 24}, {'no': 12691540, 'last_modified': 1613001745, 'replies': 1}, {'no': 12690885, 'last_modified': 1612999451, 'replies': 4}, {'no': 12682939, 'last_modified': 1612999450, 'replies': 64}, {'no': 12691377, 'last_modified': 1612999350, 'replies': 5}, {'no': 12681713, 'last_modified': 1612999341, 'replies': 47}]"
8,9,"[{'no': 12691479, 'last_modified': 1612999097, 'replies': 1}, {'no': 12691019, 'last_modified': 1612998952, 'replies': 17}, {'no': 12690971, 'last_modified': 1612998666, 'replies': 9}, {'no': 12690457, 'last_modified': 1612998133, 'replies': 6}, {'no': 12690545, 'last_modified': 1612997567, 'replies': 10}, {'no': 12691205, 'last_modified': 1612997457, 'replies': 10}, {'no': 12690511, 'last_modified': 1612996429, 'replies': 2}, {'no': 12690936, 'last_modified': 1612996312, 'replies': 3}, {'no': 12680600, 'last_modified': 1612995744, 'replies': 127}, {'no': 12686487, 'last_modified': 1612995670, 'replies': 18}, {'no': 12690480, 'last_modified': 1612995335, 'replies': 3}, {'no': 12684974, 'last_modified': 1612995180, 'replies': 54}, {'no': 12687076, 'last_modified': 1612995037, 'replies': 23}, {'no': 12690684, 'last_modified': 1612994716, 'replies': 8}, {'no': 12689727, 'last_modified': 1612994453, 'replies': 18}]"
9,10,"[{'no': 12691167, 'last_modified': 1612998586, 'replies': 7}, {'no': 12690946, 'last_modified': 1612993572, 'replies': 9}, {'no': 12690730, 'last_modified': 1612993019, 'replies': 2}, {'no': 12689656, 'last_modified': 1612992290, 'replies': 30}, {'no': 12688688, 'last_modified': 1612992196, 'replies': 4}, {'no': 12689873, 'last_modified': 1612992076, 'replies': 8}, {'no': 12690433, 'last_modified': 1612991873, 'replies': 8}, {'no': 12689046, 'last_modified': 1612991339, 'replies': 24}, {'no': 12690864, 'last_modified': 1612991138, 'replies': 1}, {'no': 12690287, 'last_modified': 1612990855, 'replies': 10}, {'no': 12686902, 'last_modified': 1612989984, 'replies': 66}, {'no': 12683996, 'last_modified': 1612989167, 'replies': 35}, {'no': 12689554, 'last_modified': 1612989005, 'replies': 8}, {'no': 12689460, 'last_modified': 1612988763, 'replies': 19}, {'no': 12687424, 'last_modified': 1612988520, 'replies': 34}]"
10,11,"[{'no': 12685701, 'last_modified': 1612988311, 'replies': 32}]"
